,roc_auc,pr_auc
LogisticRegression,0.8349970291146762,0.62920386579789
RandomForest,0.8029218011315198,0.5760297994837392
