,roc_auc,pr_auc
LogisticRegression,0.8367718101733448,0.6368602590434829
RandomForest,0.8060877315353019,0.5783955270726105
